"N95 masks";"n95masks";"N95 masks Breathing Device";"N95 masks";"N95 masks";1200.0;"mask1.jpg";1000;"active";0;"2019-09-01 15:44:21";"2019-09-01 15:44:21"
"N95 masks";"n95masks";"N95 masks Breathing Device";"N95 masks";"N95 masks";1200.0;"mask2.jpg";1000;"active";0;"2019-09-01 15:44:21";"2019-09-01 15:44:21"
"N95 masks";"n95masks";"N95 masks Breathing Device";"N95 masks";"N95 masks";1200.0;"mask3.jpg";1000;"active";0;"2019-09-01 15:44:21";"2019-09-01 15:44:21"
"N95 masks";"n95masks";"N95 masks Breathing Device";"N95 masks";"N95 masks";1200.0;"mask4.jpg";1000;"active";0;"2019-09-01 15:44:21";"2019-09-01 15:44:21"
"N95 masks";"n95masks";"N95 masks Breathing Device";"N95 masks";"N95 masks";1200.0;"mask1.jpg";1000;"active";0;"2019-09-01 15:44:21";"2019-09-01 15:44:21"
"N95 masks";"n95masks";"N95 masks Breathing Device";"N95 masks";"N95 masks";1200.0;"mask2.jpg";1000;"active";0;"2019-09-01 15:44:21";"2019-09-01 15:44:21"
"N95 masks";"n95masks";"N95 masks Breathing Device";"N95 masks";"N95 masks";1200.0;"mask3.jpg";1000;"active";0;"2019-09-01 15:44:21";"2019-09-01 15:44:21"
"N95 masks";"n95masks";"N95 masks Breathing Device";"N95 masks";"N95 masks";1200.0;"mask4.jpg";1000;"active";0;"2019-09-01 15:44:21";"2019-09-01 15:44:21"
"N95 masks";"n95masks";"N95 masks Breathing Device";"N95 masks";"N95 masks";1200.0;"mask1.jpg";1000;"active";0;"2019-09-01 15:44:21";"2019-09-01 15:44:21"
"N95 masks";"n95masks";"N95 masks Breathing Device";"N95 masks";"N95 masks";1200.0;"mask2.jpg";1000;"active";0;"2019-09-01 15:44:21";"2019-09-01 15:44:21"
"N95 masks";"n95masks";"N95 masks Breathing Device";"N95 masks";"N95 masks";1200.0;"mask3.jpg";1000;"active";0;"2019-09-01 15:44:21";"2019-09-01 15:44:21"
"N95 masks";"n95masks";"N95 masks Breathing Device";"N95 masks";"N95 masks";1200.0;"mask4.jpg";1000;"active";0;"2019-09-01 15:44:21";"2019-09-01 15:44:21"
"N95 masks";"n95masks";"N95 masks Breathing Device";"N95 masks";"N95 masks";1200.0;"mask1.jpg";1000;"active";0;"2019-09-01 15:44:21";"2019-09-01 15:44:21"
"N95 masks";"n95masks";"N95 masks Breathing Device";"N95 masks";"N95 masks";1200.0;"mask2.jpg";1000;"active";0;"2019-09-01 15:44:21";"2019-09-01 15:44:21"
"N95 masks";"n95masks";"N95 masks Breathing Device";"N95 masks";"N95 masks";1200.0;"mask3.jpg";1000;"active";0;"2019-09-01 15:44:21";"2019-09-01 15:44:21"
"N95 masks";"n95masks";"N95 masks Breathing Device";"N95 masks";"N95 masks";1200.0;"mask4.jpg";1000;"active";0;"2019-09-01 15:44:21";"2019-09-01 15:44:21"
"N95 masks";"n95masks";"N95 masks Breathing Device";"N95 masks";"N95 masks";1200.0;"mask1.jpg";1000;"active";0;"2019-09-01 15:44:21";"2019-09-01 15:44:21"
"N95 masks";"n95masks";"N95 masks Breathing Device";"N95 masks";"N95 masks";1200.0;"mask2.jpg";1000;"active";0;"2019-09-01 15:44:21";"2019-09-01 15:44:21"
"N95 masks";"n95masks";"N95 masks Breathing Device";"N95 masks";"N95 masks";1200.0;"mask3.jpg";1000;"active";0;"2019-09-01 15:44:21";"2019-09-01 15:44:21"
"N95 masks";"n95masks";"N95 masks Breathing Device";"N95 masks";"N95 masks";1200.0;"mask4.jpg";1000;"active";0;"2019-09-01 15:44:21";"2019-09-01 15:44:21"
"N95 masks";"n95masks";"N95 masks Breathing Device";"N95 masks";"N95 masks";1200.0;"mask1.jpg";1000;"active";0;"2019-09-01 15:44:21";"2019-09-01 15:44:21"
"N95 masks";"n95masks";"N95 masks Breathing Device";"N95 masks";"N95 masks";1200.0;"mask2.jpg";1000;"active";0;"2019-09-01 15:44:21";"2019-09-01 15:44:21"
"N95 masks";"n95masks";"N95 masks Breathing Device";"N95 masks";"N95 masks";1200.0;"mask3.jpg";1000;"active";0;"2019-09-01 15:44:21";"2019-09-01 15:44:21"
"N95 masks";"n95masks";"N95 masks Breathing Device";"N95 masks";"N95 masks";1200.0;"mask4.jpg";1000;"active";0;"2019-09-01 15:44:21";"2019-09-01 15:44:21"
"N95 masks";"n95masks";"N95 masks Breathing Device";"N95 masks";"N95 masks";1200.0;"mask1.jpg";1000;"active";0;"2019-09-01 15:44:21";"2019-09-01 15:44:21"
"N95 masks";"n95masks";"N95 masks Breathing Device";"N95 masks";"N95 masks";1200.0;"mask2.jpg";1000;"active";0;"2019-09-01 15:44:21";"2019-09-01 15:44:21"
"N95 masks";"n95masks";"N95 masks Breathing Device";"N95 masks";"N95 masks";1200.0;"mask3.jpg";1000;"active";0;"2019-09-01 15:44:21";"2019-09-01 15:44:21"
"N95 masks";"n95masks";"N95 masks Breathing Device";"N95 masks";"N95 masks";1200.0;"mask4.jpg";1000;"active";0;"2019-09-01 15:44:21";"2019-09-01 15:44:21"
"N95 masks";"n95masks";"N95 masks Breathing Device";"N95 masks";"N95 masks";1200.0;"mask1.jpg";1000;"active";0;"2019-09-01 15:44:21";"2019-09-01 15:44:21"
"N95 masks";"n95masks";"N95 masks Breathing Device";"N95 masks";"N95 masks";1200.0;"mask2.jpg";1000;"active";0;"2019-09-01 15:44:21";"2019-09-01 15:44:21"
"N95 masks";"n95masks";"N95 masks Breathing Device";"N95 masks";"N95 masks";1200.0;"mask3.jpg";1000;"active";0;"2019-09-01 15:44:21";"2019-09-01 15:44:21"
"N95 masks";"n95masks";"N95 masks Breathing Device";"N95 masks";"N95 masks";1200.0;"mask4.jpg";1000;"active";0;"2019-09-01 15:44:21";"2019-09-01 15:44:21"
"N95 masks";"n95masks";"N95 masks Breathing Device";"N95 masks";"N95 masks";1200.0;"mask1.jpg";1000;"active";0;"2019-09-01 15:44:21";"2019-09-01 15:44:21"
"N95 masks";"n95masks";"N95 masks Breathing Device";"N95 masks";"N95 masks";1200.0;"mask2.jpg";1000;"active";0;"2019-09-01 15:44:21";"2019-09-01 15:44:21"
"N95 masks";"n95masks";"N95 masks Breathing Device";"N95 masks";"N95 masks";1200.0;"mask3.jpg";1000;"active";0;"2019-09-01 15:44:21";"2019-09-01 15:44:21"
"N95 masks";"n95masks";"N95 masks Breathing Device";"N95 masks";"N95 masks";1200.0;"mask4.jpg";1000;"active";0;"2019-09-01 15:44:21";"2019-09-01 15:44:21"
"N95 masks";"n95masks";"N95 masks Breathing Device";"N95 masks";"N95 masks";1200.0;"mask1.jpg";1000;"active";0;"2019-09-01 15:44:21";"2019-09-01 15:44:21"
"N95 masks";"n95masks";"N95 masks Breathing Device";"N95 masks";"N95 masks";1200.0;"mask2.jpg";1000;"active";0;"2019-09-01 15:44:21";"2019-09-01 15:44:21"
"N95 masks";"n95masks";"N95 masks Breathing Device";"N95 masks";"N95 masks";1200.0;"mask3.jpg";1000;"active";0;"2019-09-01 15:44:21";"2019-09-01 15:44:21"
"N95 masks";"n95masks";"N95 masks Breathing Device";"N95 masks";"N95 masks";1200.0;"mask4.jpg";1000;"active";0;"2019-09-01 15:44:21";"2019-09-01 15:44:21"
"N95 masks";"n95masks";"N95 masks Breathing Device";"N95 masks";"N95 masks";1200.0;"mask1.jpg";1000;"active";0;"2019-09-01 15:44:21";"2019-09-01 15:44:21"
"N95 masks";"n95masks";"N95 masks Breathing Device";"N95 masks";"N95 masks";1200.0;"mask2.jpg";1000;"active";0;"2019-09-01 15:44:21";"2019-09-01 15:44:21"
"N95 masks";"n95masks";"N95 masks Breathing Device";"N95 masks";"N95 masks";1200.0;"mask3.jpg";1000;"active";0;"2019-09-01 15:44:21";"2019-09-01 15:44:21"
"N95 masks";"n95masks";"N95 masks Breathing Device";"N95 masks";"N95 masks";1200.0;"mask4.jpg";1000;"active";0;"2019-09-01 15:44:21";"2019-09-01 15:44:21"
"N95 masks";"n95masks";"N95 masks Breathing Device";"N95 masks";"N95 masks";1200.0;"mask1.jpg";1000;"active";0;"2019-09-01 15:44:21";"2019-09-01 15:44:21"
"N95 masks";"n95masks";"N95 masks Breathing Device";"N95 masks";"N95 masks";1200.0;"mask2.jpg";1000;"active";0;"2019-09-01 15:44:21";"2019-09-01 15:44:21"
"N95 masks";"n95masks";"N95 masks Breathing Device";"N95 masks";"N95 masks";1200.0;"mask3.jpg";1000;"active";0;"2019-09-01 15:44:21";"2019-09-01 15:44:21"
"N95 masks";"n95masks";"N95 masks Breathing Device";"N95 masks";"N95 masks";1200.0;"mask4.jpg";1000;"active";0;"2019-09-01 15:44:21";"2019-09-01 15:44:21"
"N95 masks";"n95masks";"N95 masks Breathing Device";"N95 masks";"N95 masks";1200.0;"mask1.jpg";1000;"active";0;"2019-09-01 15:44:21";"2019-09-01 15:44:21"
"N95 masks";"n95masks";"N95 masks Breathing Device";"N95 masks";"N95 masks";1200.0;"mask2.jpg";1000;"active";0;"2019-09-01 15:44:21";"2019-09-01 15:44:21"
"N95 masks";"n95masks";"N95 masks Breathing Device";"N95 masks";"N95 masks";1200.0;"mask3.jpg";1000;"active";0;"2019-09-01 15:44:21";"2019-09-01 15:44:21"
"N95 masks";"n95masks";"N95 masks Breathing Device";"N95 masks";"N95 masks";1200.0;"mask4.jpg";1000;"active";0;"2019-09-01 15:44:21";"2019-09-01 15:44:21"
"N95 masks";"n95masks";"N95 masks Breathing Device";"N95 masks";"N95 masks";1200.0;"mask1.jpg";1000;"active";0;"2019-09-01 15:44:21";"2019-09-01 15:44:21"
"N95 masks";"n95masks";"N95 masks Breathing Device";"N95 masks";"N95 masks";1200.0;"mask2.jpg";1000;"active";0;"2019-09-01 15:44:21";"2019-09-01 15:44:21"
"N95 masks";"n95masks";"N95 masks Breathing Device";"N95 masks";"N95 masks";1200.0;"mask3.jpg";1000;"active";0;"2019-09-01 15:44:21";"2019-09-01 15:44:21"
"N95 masks";"n95masks";"N95 masks Breathing Device";"N95 masks";"N95 masks";1200.0;"mask4.jpg";1000;"active";0;"2019-09-01 15:44:21";"2019-09-01 15:44:21"
